{
  "timers": {
    "browser_capture_0": {
      "count": 1,
      "avg_time": 5.91278076171875e-05,
      "median_time": 5.91278076171875e-05,
      "min_time": 5.91278076171875e-05,
      "max_time": 5.91278076171875e-05,
      "total_time": 5.91278076171875e-05
    },
    "api_create_page_0": {
      "count": 1,
      "avg_time": 0.0004792213439941406,
      "median_time": 0.0004792213439941406,
      "min_time": 0.0004792213439941406,
      "max_time": 0.0004792213439941406,
      "total_time": 0.0004792213439941406
    },
    "graph_query_0": {
      "count": 1,
      "avg_time": 0.0005090236663818359,
      "median_time": 0.0005090236663818359,
      "min_time": 0.0005090236663818359,
      "max_time": 0.0005090236663818359,
      "total_time": 0.0005090236663818359
    },
    "browser_capture_1": {
      "count": 1,
      "avg_time": 7.605552673339844e-05,
      "median_time": 7.605552673339844e-05,
      "min_time": 7.605552673339844e-05,
      "max_time": 7.605552673339844e-05,
      "total_time": 7.605552673339844e-05
    },
    "api_create_page_1": {
      "count": 1,
      "avg_time": 0.0005230903625488281,
      "median_time": 0.0005230903625488281,
      "min_time": 0.0005230903625488281,
      "max_time": 0.0005230903625488281,
      "total_time": 0.0005230903625488281
    },
    "graph_query_1": {
      "count": 1,
      "avg_time": 0.0010428428649902344,
      "median_time": 0.0010428428649902344,
      "min_time": 0.0010428428649902344,
      "max_time": 0.0010428428649902344,
      "total_time": 0.0010428428649902344
    },
    "browser_capture_2": {
      "count": 1,
      "avg_time": 0.00011801719665527344,
      "median_time": 0.00011801719665527344,
      "min_time": 0.00011801719665527344,
      "max_time": 0.00011801719665527344,
      "total_time": 0.00011801719665527344
    },
    "api_create_page_2": {
      "count": 1,
      "avg_time": 0.0007658004760742188,
      "median_time": 0.0007658004760742188,
      "min_time": 0.0007658004760742188,
      "max_time": 0.0007658004760742188,
      "total_time": 0.0007658004760742188
    },
    "graph_query_2": {
      "count": 1,
      "avg_time": 0.001729726791381836,
      "median_time": 0.001729726791381836,
      "min_time": 0.001729726791381836,
      "max_time": 0.001729726791381836,
      "total_time": 0.001729726791381836
    },
    "scenario.page_capture": {
      "count": 1,
      "avg_time": 6.030725002288818,
      "median_time": 6.030725002288818,
      "min_time": 6.030725002288818,
      "max_time": 6.030725002288818,
      "total_time": 6.030725002288818
    }
  },
  "values": {
    "test_duration": {
      "count": 1,
      "avg_value": 6.045305013656616,
      "min_value": 6.045305013656616,
      "max_value": 6.045305013656616
    }
  },
  "overall": {
    "total_timers": 10,
    "total_value_metrics": 1,
    "test_duration": 6.045305013656616
  }
}