{
  "timers": {
    "get_provider_types": {
      "count": 1,
      "avg_time": 0.00024127960205078125,
      "median_time": 0.00024127960205078125,
      "min_time": 0.00024127960205078125,
      "max_time": 0.00024127960205078125,
      "total_time": 0.00024127960205078125
    },
    "create_provider_test-anthropic": {
      "count": 1,
      "avg_time": 0.0003762245178222656,
      "median_time": 0.0003762245178222656,
      "min_time": 0.0003762245178222656,
      "max_time": 0.0003762245178222656,
      "total_time": 0.0003762245178222656
    },
    "create_provider_test-ollama": {
      "count": 1,
      "avg_time": 0.00044798851013183594,
      "median_time": 0.00044798851013183594,
      "min_time": 0.00044798851013183594,
      "max_time": 0.00044798851013183594,
      "total_time": 0.00044798851013183594
    },
    "list_providers": {
      "count": 1,
      "avg_time": 0.0002281665802001953,
      "median_time": 0.0002281665802001953,
      "min_time": 0.0002281665802001953,
      "max_time": 0.0002281665802001953,
      "total_time": 0.0002281665802001953
    },
    "get_provider_test-anthropic": {
      "count": 1,
      "avg_time": 0.0005099773406982422,
      "median_time": 0.0005099773406982422,
      "min_time": 0.0005099773406982422,
      "max_time": 0.0005099773406982422,
      "total_time": 0.0005099773406982422
    },
    "get_provider_test-ollama": {
      "count": 1,
      "avg_time": 0.00024700164794921875,
      "median_time": 0.00024700164794921875,
      "min_time": 0.00024700164794921875,
      "max_time": 0.00024700164794921875,
      "total_time": 0.00024700164794921875
    },
    "init_provider_test-anthropic": {
      "count": 1,
      "avg_time": 0.0002560615539550781,
      "median_time": 0.0002560615539550781,
      "min_time": 0.0002560615539550781,
      "max_time": 0.0002560615539550781,
      "total_time": 0.0002560615539550781
    },
    "init_provider_test-ollama": {
      "count": 1,
      "avg_time": 0.0002410411834716797,
      "median_time": 0.0002410411834716797,
      "min_time": 0.0002410411834716797,
      "max_time": 0.0002410411834716797,
      "total_time": 0.0002410411834716797
    },
    "validate_token": {
      "count": 1,
      "avg_time": 0.00017881393432617188,
      "median_time": 0.00017881393432617188,
      "min_time": 0.00017881393432617188,
      "max_time": 0.00017881393432617188,
      "total_time": 0.00017881393432617188
    },
    "validate_invalid_token": {
      "count": 1,
      "avg_time": 0.00017499923706054688,
      "median_time": 0.00017499923706054688,
      "min_time": 0.00017499923706054688,
      "max_time": 0.00017499923706054688,
      "total_time": 0.00017499923706054688
    },
    "remove_provider_test-anthropic": {
      "count": 1,
      "avg_time": 0.00020503997802734375,
      "median_time": 0.00020503997802734375,
      "min_time": 0.00020503997802734375,
      "max_time": 0.00020503997802734375,
      "total_time": 0.00020503997802734375
    },
    "remove_provider_test-ollama": {
      "count": 1,
      "avg_time": 0.00020313262939453125,
      "median_time": 0.00020313262939453125,
      "min_time": 0.00020313262939453125,
      "max_time": 0.00020313262939453125,
      "total_time": 0.00020313262939453125
    },
    "verify_removal": {
      "count": 1,
      "avg_time": 0.00020933151245117188,
      "median_time": 0.00020933151245117188,
      "min_time": 0.00020933151245117188,
      "max_time": 0.00020933151245117188,
      "total_time": 0.00020933151245117188
    },
    "scenario.auth_provider": {
      "count": 1,
      "avg_time": 0.004392862319946289,
      "median_time": 0.004392862319946289,
      "min_time": 0.004392862319946289,
      "max_time": 0.004392862319946289,
      "total_time": 0.004392862319946289
    }
  },
  "values": {
    "test_duration": {
      "count": 1,
      "avg_value": 0.018976926803588867,
      "min_value": 0.018976926803588867,
      "max_value": 0.018976926803588867
    }
  },
  "overall": {
    "total_timers": 14,
    "total_value_metrics": 1,
    "test_duration": 0.018976926803588867
  }
}